package	stage	stage_failure	canonical_class	source_type	timestamp	execution_mode	raw_signal	log_excerpt	artifact_path
blast	Build	BuildFailure	MissingLinkTimeDependency	bad_spec	2026-02-28T21:53:22.332023+00:00	Unknown	checking for FCGX_Accept_r... no | checking for libfastcgipp... no | checking for NCBI SSS directories in /sss/BUILD... no | checking for SP directories... no | checking for ORBacus... no | checking for ICU... no | checking for libexpat... no | checking for libsablot... no | checking for libxml2... no | checking for libxslt... no | checking for xsltproc... : | checking for libexslt... no | checking for Xerces-C++... no | checking for Xalan-C++... no | checking for Zorba... no | checking for libsqlite3 in /work/.build-work/blast/BUILDROOT/phoreus-blast-2.17.0-2.17.0-1.el9.x86_64/usr/local/phoreus/blast/2.17.0... no | configure: error: --with-sqlite3 explicitly specified, but no usable version found. | error: Bad exit status from /var/tmp/rpm-tmp.cSeRyJ (%install) | RPM build errors: |     Bad exit status from /var/tmp/rpm-tmp.cSeRyJ (%install) dependency_graph_json=/Users/stephen/bioconda2rpm/targets/phoreus-bioconda2rpm-build-almalinux-9.7-aarch64/reports/dependency_graphs/blast.json dependency_graph_md=/Users/stephen/bioconda2rpm/targets/phoreus-bioconda2rpm-build-almalinux-9.7-aarch64/reports/dependency_graphs/blast.md unresolved_deps=none	payload spec build failed in container: container build chain failed for phoreus-blast.spec (exit status: exit status: 1) elapsed=5m42s arch_policy=unknown log=/Users/stephen/bioconda2rpm/targets/phoreus-bioconda2rpm-build-almalinux-9.7-aarch64/reports/build_logs/blast.log tail=checking for FCGX_Accept_r... no | checking for libfastcgipp... no | checking for NCBI SSS directories in /sss/BUILD... no | checking for SP directories... no | checking for ORBacus... no | checking for ICU... no | checking for libexpat... no | checking for libsablot... no | checking for libxml2... no | checking for libxslt... no | checking for xsltproc... : | checking for libexslt... no | checking for Xerces-C++... no | checking for Xalan-C++... no | checking for Zorba... no | checking for libsqlite3 in /work/.build-work/blast/BUILDROOT/phoreus-blast-2.17.0-2.17.0-1.el9.x86_64/usr/local/phoreus/blast/2.17.0... no | configure: error: --with-sqlite3 explicitly specified, but no usable version found. | error: Bad exit status from /var/tmp/rpm-tmp.cSeRyJ (%install) | RPM build errors: |     Bad exit status from /var/tmp/rpm-tmp.cSeRyJ (%install) dependency_graph_json=/Users/stephen/bioconda2rpm/targets/phoreus-	/Users/stephen/bioconda2rpm/targets/phoreus-bioconda2rpm-build-almalinux-9.7-aarch64/BAD_SPEC/blast.txt
htslib	Build	BuildFailure	ToolchainResourceExhaustion	bad_spec	2026-03-01T08:11:19.742916+00:00	Unknown	Downloading: https://github.com/samtools/htslib/releases/download/1.23/htslib-1.23.tar.bz2 |	payload spec build failed in container: container build chain failed for phoreus-htslib.spec (exit status: exit status: 137) elapsed=7m27s arch_policy=unknown log=/Users/stephen/bioconda2rpm/targets/phoreus-bioconda2rpm-build-almalinux-9.7-aarch64/reports/build_logs/htslib.log tail=Downloading: https://github.com/samtools/htslib/releases/download/1.23/htslib-1.23.tar.bz2 |	/Users/stephen/bioconda2rpm/targets/phoreus-bioconda2rpm-build-almalinux-9.7-aarch64/BAD_SPEC/htslib.txt
minimap2	Build	BuildFailure	BuildScriptContractFailure	bad_spec	2026-03-01T08:15:13.603497+00:00	Unknown	+ CPU_COUNT=1 | + export MAKEFLAGS=-j1 | + MAKEFLAGS=-j1 | + export CMAKE_BUILD_PARALLEL_LEVEL=1 | + CMAKE_BUILD_PARALLEL_LEVEL=1 | + export NINJAFLAGS=-j1 | + NINJAFLAGS=-j1 | ++ basename /work/.build-work/minimap2/BUILD/buildsrc/.bioconda2rpm-retry-snapshot.tar | + find . -mindepth 1 -maxdepth 1 '!' -name .bioconda2rpm-retry-snapshot.tar -exec rm -rf '{}' + | + tar -xf /work/.build-work/minimap2/BUILD/buildsrc/.bioconda2rpm-retry-snapshot.tar | + bash -eo pipefail ./build.sh | + mkdir -p /work/.build-work/minimap2/BUILDROOT/phoreus-minimap2-2.30-2.30-1.el9.x86_64/usr/local/phoreus/minimap2/2.30/bin /work/.build-work/minimap2/BUILDROOT/phoreus-minimap2-2.30-2.30-1.el9.x86_64/usr/local/phoreus/minimap2/2.30/lib /work/.build-work/minimap2/BUILDROOT/phoreus-minimap2-2.30-2.30-1.el9.x86_64/usr/local/phoreus/minimap2/2.30/include /work/.build-work/minimap2/BUILDROOT/phoreus-minimap2-2.30-2.30-1.el9.x86_64/usr/local/phoreus/minimap2/2.30/share/man/man1 | + case $(uname -m) in | ++ uname -m | + ARCH_OPTS= | + make 'CFLAGS= -g -Wall -O3 -Wc++-compat -I/work/.build-work/minimap2/BUILDROOT/phoreus-minimap2-2.30-2.30-1.el9.x86_64/usr/local/phoreus/minimap2/2.30/include -L/work/.build-work/minimap2/BUILDROOT/phoreus-minimap2-2.30-2.30-1.el9.x86_64/usr/local/phoreus/minimap2/2.30/lib' '' -j1 minimap2 sdust | make: *** empty string invalid as file name.  Stop. | error: Bad exit status from /var/tmp/rpm-tmp.eM9T0g (%install) | RPM build errors: |     Bad exit status from /var/tmp/rpm-tmp.eM9T0g (%install) dependency_graph_json=/Users/stephen/bioconda2rpm/targets/phoreus-bioconda2rpm-build-almalinux-9.7-aarch64/reports/dependency_graphs/minimap2.json dependency_graph_md=/Users/stephen/bioconda2rpm/targets/phoreus-bioconda2rpm-build-almalinux-9.7-aarch64/reports/dependency_graphs/minimap2.md unresolved_deps=none	payload spec build failed in container: container build chain failed for phoreus-minimap2.spec (exit status: exit status: 1) elapsed=3m43s arch_policy=unknown log=/Users/stephen/bioconda2rpm/targets/phoreus-bioconda2rpm-build-almalinux-9.7-aarch64/reports/build_logs/minimap2.log tail=+ CPU_COUNT=1 | + export MAKEFLAGS=-j1 | + MAKEFLAGS=-j1 | + export CMAKE_BUILD_PARALLEL_LEVEL=1 | + CMAKE_BUILD_PARALLEL_LEVEL=1 | + export NINJAFLAGS=-j1 | + NINJAFLAGS=-j1 | ++ basename /work/.build-work/minimap2/BUILD/buildsrc/.bioconda2rpm-retry-snapshot.tar | + find . -mindepth 1 -maxdepth 1 '!' -name .bioconda2rpm-retry-snapshot.tar -exec rm -rf '{}' + | + tar -xf /work/.build-work/minimap2/BUILD/buildsrc/.bioconda2rpm-retry-snapshot.tar | + bash -eo pipefail ./build.sh | + mkdir -p /work/.build-work/minimap2/BUILDROOT/phoreus-minimap2-2.30-2.30-1.el9.x86_64/usr/local/phoreus/minimap2/2.30/bin /work/.build-work/minimap2/BUILDROOT/phoreus-minimap2-2.30-2.30-1.el9.x86_64/usr/local/phoreus/minimap2/2.30/lib /work/.build-work/minimap2/BUILDROOT/phoreus-minimap2-2.30-2.30-1.el9.x86_64/usr/local/phoreus/minimap2/2.30/include /work/.build-work/minimap2/BUILDROOT/phoreus-minimap2-2.30-2.30-1.el9.x86_64/	/Users/stephen/bioconda2rpm/targets/phoreus-bioconda2rpm-build-almalinux-9.7-aarch64/BAD_SPEC/minimap2.txt
bamtools	DependencyNormalization	DependencyResolutionFailure	UnresolvedBuildRequiresToken	build_log	2026-03-01T00:45:27.853149+00:00	Unknown	DEPGRAPH|jsoncpp-devel|unresolved|unresolved|-|Last metadata expiration check: 0:00:06 ago on Sun Mar  1 00:44:03 2026.; No match for argument: jsoncpp-devel; Error: Unable to find a match: jsoncpp-devel;	DEPGRAPH|cmake|resolved|repo|cmake-3.26.5-3.el9_7.x86_64|installed_from_repo | DEPGRAPH|gcc-c++|resolved|installed|gcc-c++-11.5.0-11.el9.alma.1.x86_64|already_installed | DEPGRAPH|jsoncpp-devel|unresolved|unresolved|-|Last metadata expiration check: 0:00:06 ago on Sun Mar  1 00:44:03 2026.; No match for argument: jsoncpp-devel; Error: Unable to find a match: jsoncpp-devel; | DEPGRAPH|make|resolved|installed|make-4.3-8.el9.x86_64|already_installed | DEPGRAPH|phoreus-python-3.11|resolved|local_rpm|phoreus-python-3.11-3.11.14-1.el9.x86_64|installed_nodeps_from_phoreus-python-3.11-3.11.14-1.el9.x86_64.rpm_with_repo_hydration	/Users/stephen/bioconda2rpm/targets/phoreus-bioconda2rpm-build-almalinux-9.7-aarch64/reports/build_logs/bamtools.log
blast	SourceNormalization	SpecSynthesisFailure	PatchApplicationFailure	build_log	2026-02-28T21:53:22.325520+00:00	Unknown	can't find file to patch at input line 6	+ cd buildsrc | + patch --batch -p1 -i /work/SOURCES/bioconda-blast-patch-1-configurellvm.patch | can't find file to patch at input line 6 | Perhaps you used the wrong -p or --strip option? | The text leading up to this was:	/Users/stephen/bioconda2rpm/targets/phoreus-bioconda2rpm-build-almalinux-9.7-aarch64/reports/build_logs/blast.log
fastp	DependencyNormalization	DependencyResolutionFailure	UnresolvedBuildRequiresToken	build_log	2026-03-01T06:34:02.695219+00:00	Unknown	DEPGRAPH|isa-l|unresolved|unresolved|-|AlmaLinux 9 - Extras                             32 kB/s /  20 kB     00:00    ; No match for argument: isa-l; Error: Unable to find a match: isa-l;	DEPGRAPH|gcc|resolved|installed|gcc-11.5.0-11.el9.alma.1.x86_64|already_installed | DEPGRAPH|gcc-c++|resolved|installed|gcc-c++-11.5.0-11.el9.alma.1.x86_64|already_installed | DEPGRAPH|isa-l|unresolved|unresolved|-|AlmaLinux 9 - Extras                             32 kB/s /  20 kB     00:00    ; No match for argument: isa-l; Error: Unable to find a match: isa-l; | DEPGRAPH|libdeflate|unresolved|unresolved|-|Last metadata expiration check: 0:00:01 ago on Sun Mar  1 06:30:26 2026.; No match for argument: libdeflate; Error: Unable to find a match: libdeflate; | DEPGRAPH|make|resolved|installed|make-4.3-8.el9.x86_64|already_installed	/Users/stephen/bioconda2rpm/targets/phoreus-bioconda2rpm-build-almalinux-9.7-aarch64/reports/build_logs/fastp.log
fastplong	DependencyNormalization	DependencyResolutionFailure	UnresolvedBuildRequiresToken	build_log	2026-03-01T07:24:23.658687+00:00	Unknown	DEPGRAPH|highway-devel|unresolved|unresolved|-|AlmaLinux 9 - Extras                             40 kB/s /  20 kB     00:00    ; No match for argument: highway-devel; Error: Unable to find a match: highway-devel;	DEPGRAPH|bash|resolved|installed|bash-5.1.8-9.el9.x86_64|already_installed | DEPGRAPH|gcc-c++|resolved|installed|gcc-c++-11.5.0-11.el9.alma.1.x86_64|already_installed | DEPGRAPH|highway-devel|unresolved|unresolved|-|AlmaLinux 9 - Extras                             40 kB/s /  20 kB     00:00    ; No match for argument: highway-devel; Error: Unable to find a match: highway-devel; | DEPGRAPH|isa-l|unresolved|unresolved|-|Last metadata expiration check: 0:00:01 ago on Sun Mar  1 07:20:10 2026.; No match for argument: isa-l; Error: Unable to find a match: isa-l; | DEPGRAPH|libdeflate|unresolved|unresolved|-|Last metadata expiration check: 0:00:01 ago on Sun Mar  1 07:20:10 2026.; No match for argument: libdeflate; Error: Unable to find a match: libdeflate;	/Users/stephen/bioconda2rpm/targets/phoreus-bioconda2rpm-build-almalinux-9.7-aarch64/reports/build_logs/fastplong.log
flye	Build	BuildFailure	AutotoolsConfigureFailure	build_log	2026-03-01T06:47:54.471301+00:00	Unknown	configure: error: in `/work/.build-work/flye/BUILD/buildsrc/lib/samtools-1.9':	gcc -c  -O3 -L/work/.build-work/flye/BUILDROOT/phoreus-flye-2.9.6-2.9.6-1.el9.x86_64/usr/local/phoreus/flye/2.9.6/lib -g -Wall -O2 -Wc++-compat  -DHAVE_KALLOC -I/work/.build-work/flye/BUILDROOT/phoreus-flye-2.9.6-2.9.6-1.el9.x86_64/usr/local/phoreus/flye/2.9.6/include hit.c -o hit.o | checking whether the C compiler works... no | configure: error: in `/work/.build-work/flye/BUILD/buildsrc/lib/samtools-1.9': | configure: error: C compiler cannot create executables | See `config.log' for more details	/Users/stephen/bioconda2rpm/targets/phoreus-bioconda2rpm-build-almalinux-9.7-aarch64/reports/build_logs/flye.log
minimap2	Build	BuildFailure	BuildScriptContractFailure	build_log	2026-03-01T08:15:13.602166+00:00	Unknown	make: *** empty string invalid as file name.  Stop.	+ ARCH_OPTS= | + make 'CFLAGS= -g -Wall -O3 -Wc++-compat -I/work/.build-work/minimap2/BUILDROOT/phoreus-minimap2-2.30-2.30-1.el9.x86_64/usr/local/phoreus/minimap2/2.30/include -L/work/.build-work/minimap2/BUILDROOT/phoreus-minimap2-2.30-2.30-1.el9.x86_64/usr/local/phoreus/minimap2/2.30/lib' '' -j4 minimap2 sdust | make: *** empty string invalid as file name.  Stop. | + rc=2 | + [[ 2 == \4\1 ]]	/Users/stephen/bioconda2rpm/targets/phoreus-bioconda2rpm-build-almalinux-9.7-aarch64/reports/build_logs/minimap2.log
abyss	Ingestion	RecipeParseFailure	MetadataRenderFailure	adapter_failure_tsv	2026-03-01T08:37:56.954455+00:00	Production	failed to parse rendered metadata for /Users/stephen/bioconda2rpm/bioconda-recipes/recipes/abyss/meta.yaml	failed to parse rendered metadata for /Users/stephen/bioconda2rpm/bioconda-recipes/recipes/abyss/meta.yaml	/Users/stephen/bioconda2rpm/targets/phoreus-bioconda2rpm-build-almalinux-9.7-aarch64/reports/failure_gathering/failure_gathering_20260301_per_package.tsv
alevin-fry	Ingestion	RecipeParseFailure	MetadataRenderFailure	adapter_failure_tsv	2026-03-01T08:37:56.954455+00:00	Production	failed to parse rendered metadata for /Users/stephen/bioconda2rpm/bioconda-recipes/recipes/alevin-fry/meta.yaml	failed to parse rendered metadata for /Users/stephen/bioconda2rpm/bioconda-recipes/recipes/alevin-fry/meta.yaml	/Users/stephen/bioconda2rpm/targets/phoreus-bioconda2rpm-build-almalinux-9.7-aarch64/reports/failure_gathering/failure_gathering_20260301_per_package.tsv
any2fasta	Ingestion	RecipeParseFailure	MetadataRenderFailure	adapter_failure_tsv	2026-03-01T08:37:56.954455+00:00	Production	failed to parse rendered metadata for /Users/stephen/bioconda2rpm/bioconda-recipes/recipes/any2fasta/meta.yaml	failed to parse rendered metadata for /Users/stephen/bioconda2rpm/bioconda-recipes/recipes/any2fasta/meta.yaml	/Users/stephen/bioconda2rpm/targets/phoreus-bioconda2rpm-build-almalinux-9.7-aarch64/reports/failure_gathering/failure_gathering_20260301_per_package.tsv
autocycler	Ingestion	RecipeParseFailure	MetadataRenderFailure	adapter_failure_tsv	2026-03-01T08:37:56.954455+00:00	Production	failed to parse rendered metadata for /Users/stephen/bioconda2rpm/bioconda-recipes/recipes/autocycler/meta.yaml	failed to parse rendered metadata for /Users/stephen/bioconda2rpm/bioconda-recipes/recipes/autocycler/meta.yaml	/Users/stephen/bioconda2rpm/targets/phoreus-bioconda2rpm-build-almalinux-9.7-aarch64/reports/failure_gathering/failure_gathering_20260301_per_package.tsv
bakta	Ingestion	RecipeParseFailure	MetadataRenderFailure	adapter_failure_tsv	2026-03-01T08:37:56.954455+00:00	Production	failed to parse rendered metadata for /Users/stephen/bioconda2rpm/bioconda-recipes/recipes/bakta/meta.yaml	failed to parse rendered metadata for /Users/stephen/bioconda2rpm/bioconda-recipes/recipes/bakta/meta.yaml	/Users/stephen/bioconda2rpm/targets/phoreus-bioconda2rpm-build-almalinux-9.7-aarch64/reports/failure_gathering/failure_gathering_20260301_per_package.tsv
bioconductor-bambu	Ingestion	RecipeParseFailure	MetadataRenderFailure	adapter_failure_tsv	2026-03-01T08:37:56.954455+00:00	Production	failed to parse rendered metadata for /Users/stephen/bioconda2rpm/bioconda-recipes/recipes/bioconductor-bambu/meta.yaml	failed to parse rendered metadata for /Users/stephen/bioconda2rpm/bioconda-recipes/recipes/bioconductor-bambu/meta.yaml	/Users/stephen/bioconda2rpm/targets/phoreus-bioconda2rpm-build-almalinux-9.7-aarch64/reports/failure_gathering/failure_gathering_20260301_per_package.tsv
bamsurgeon	Ingestion	RecipeParseFailure	MetadataRenderFailure	adapter_failure_tsv	2026-03-01T08:37:56.954455+00:00	Production	failed to parse rendered metadata for /Users/stephen/bioconda2rpm/bioconda-recipes/recipes/bamsurgeon/meta.yaml	failed to parse rendered metadata for /Users/stephen/bioconda2rpm/bioconda-recipes/recipes/bamsurgeon/meta.yaml	/Users/stephen/bioconda2rpm/targets/phoreus-bioconda2rpm-build-almalinux-9.7-aarch64/reports/failure_gathering/failure_gathering_20260301_per_package.tsv
bamtocov	Ingestion	RecipeParseFailure	MetadataRenderFailure	adapter_failure_tsv	2026-03-01T08:37:56.954455+00:00	Production	failed to parse rendered metadata for /Users/stephen/bioconda2rpm/bioconda-recipes/recipes/bamtocov/meta.yaml	failed to parse rendered metadata for /Users/stephen/bioconda2rpm/bioconda-recipes/recipes/bamtocov/meta.yaml	/Users/stephen/bioconda2rpm/targets/phoreus-bioconda2rpm-build-almalinux-9.7-aarch64/reports/failure_gathering/failure_gathering_20260301_per_package.tsv
bamtools	Ingestion	RecipeParseFailure	MetadataRenderFailure	adapter_failure_tsv	2026-03-01T08:37:56.954455+00:00	Production	failed to parse rendered metadata for /Users/stephen/bioconda2rpm/bioconda-recipes/recipes/bamtools/meta.yaml	failed to parse rendered metadata for /Users/stephen/bioconda2rpm/bioconda-recipes/recipes/bamtools/meta.yaml	/Users/stephen/bioconda2rpm/targets/phoreus-bioconda2rpm-build-almalinux-9.7-aarch64/reports/failure_gathering/failure_gathering_20260301_per_package.tsv
bandage	Ingestion	RecipeParseFailure	MetadataRenderFailure	adapter_failure_tsv	2026-03-01T08:37:56.954455+00:00	Production	failed to parse rendered metadata for /Users/stephen/bioconda2rpm/bioconda-recipes/recipes/bandage/meta.yaml	failed to parse rendered metadata for /Users/stephen/bioconda2rpm/bioconda-recipes/recipes/bandage/meta.yaml	/Users/stephen/bioconda2rpm/targets/phoreus-bioconda2rpm-build-almalinux-9.7-aarch64/reports/failure_gathering/failure_gathering_20260301_per_package.tsv
bbmap	Ingestion	RecipeParseFailure	MetadataRenderFailure	adapter_failure_tsv	2026-03-01T08:37:56.954455+00:00	Production	failed to parse rendered metadata for /Users/stephen/bioconda2rpm/bioconda-recipes/recipes/bbmap/meta.yaml	failed to parse rendered metadata for /Users/stephen/bioconda2rpm/bioconda-recipes/recipes/bbmap/meta.yaml	/Users/stephen/bioconda2rpm/targets/phoreus-bioconda2rpm-build-almalinux-9.7-aarch64/reports/failure_gathering/failure_gathering_20260301_per_package.tsv
bcftools	Ingestion	RecipeParseFailure	MetadataRenderFailure	adapter_failure_tsv	2026-03-01T08:37:56.954455+00:00	Production	failed to parse rendered metadata for /Users/stephen/bioconda2rpm/bioconda-recipes/recipes/bcftools/meta.yaml	failed to parse rendered metadata for /Users/stephen/bioconda2rpm/bioconda-recipes/recipes/bcftools/meta.yaml	/Users/stephen/bioconda2rpm/targets/phoreus-bioconda2rpm-build-almalinux-9.7-aarch64/reports/failure_gathering/failure_gathering_20260301_per_package.tsv
bedtools	Ingestion	RecipeParseFailure	MetadataRenderFailure	adapter_failure_tsv	2026-03-01T08:37:56.954455+00:00	Production	failed to parse rendered metadata for /Users/stephen/bioconda2rpm/bioconda-recipes/recipes/bedtools/meta.yaml	failed to parse rendered metadata for /Users/stephen/bioconda2rpm/bioconda-recipes/recipes/bedtools/meta.yaml	/Users/stephen/bioconda2rpm/targets/phoreus-bioconda2rpm-build-almalinux-9.7-aarch64/reports/failure_gathering/failure_gathering_20260301_per_package.tsv
biobambam	Ingestion	RecipeParseFailure	MetadataRenderFailure	adapter_failure_tsv	2026-03-01T08:37:56.954455+00:00	Production	failed to parse rendered metadata for /Users/stephen/bioconda2rpm/bioconda-recipes/recipes/biobambam/meta.yaml	failed to parse rendered metadata for /Users/stephen/bioconda2rpm/bioconda-recipes/recipes/biobambam/meta.yaml	/Users/stephen/bioconda2rpm/targets/phoreus-bioconda2rpm-build-almalinux-9.7-aarch64/reports/failure_gathering/failure_gathering_20260301_per_package.tsv
blast	Ingestion	RecipeParseFailure	MetadataRenderFailure	adapter_failure_tsv	2026-03-01T08:37:56.954455+00:00	Production	failed to parse rendered metadata for /Users/stephen/bioconda2rpm/bioconda-recipes/recipes/blast/meta.yaml	failed to parse rendered metadata for /Users/stephen/bioconda2rpm/bioconda-recipes/recipes/blast/meta.yaml	/Users/stephen/bioconda2rpm/targets/phoreus-bioconda2rpm-build-almalinux-9.7-aarch64/reports/failure_gathering/failure_gathering_20260301_per_package.tsv
blastn2dotplots	Ingestion	RecipeParseFailure	MetadataRenderFailure	adapter_failure_tsv	2026-03-01T08:37:56.954455+00:00	Production	failed to parse rendered metadata for /Users/stephen/bioconda2rpm/bioconda-recipes/recipes/blastn2dotplots/meta.yaml	failed to parse rendered metadata for /Users/stephen/bioconda2rpm/bioconda-recipes/recipes/blastn2dotplots/meta.yaml	/Users/stephen/bioconda2rpm/targets/phoreus-bioconda2rpm-build-almalinux-9.7-aarch64/reports/failure_gathering/failure_gathering_20260301_per_package.tsv
blobtools	Ingestion	RecipeParseFailure	MetadataRenderFailure	adapter_failure_tsv	2026-03-01T08:37:56.954455+00:00	Production	failed to parse rendered metadata for /Users/stephen/bioconda2rpm/bioconda-recipes/recipes/blobtools/meta.yaml	failed to parse rendered metadata for /Users/stephen/bioconda2rpm/bioconda-recipes/recipes/blobtools/meta.yaml	/Users/stephen/bioconda2rpm/targets/phoreus-bioconda2rpm-build-almalinux-9.7-aarch64/reports/failure_gathering/failure_gathering_20260301_per_package.tsv
bowtie2	Ingestion	RecipeParseFailure	MetadataRenderFailure	adapter_failure_tsv	2026-03-01T08:37:56.954455+00:00	Production	failed to parse rendered metadata for /Users/stephen/bioconda2rpm/bioconda-recipes/recipes/bowtie2/meta.yaml	failed to parse rendered metadata for /Users/stephen/bioconda2rpm/bioconda-recipes/recipes/bowtie2/meta.yaml	/Users/stephen/bioconda2rpm/targets/phoreus-bioconda2rpm-build-almalinux-9.7-aarch64/reports/failure_gathering/failure_gathering_20260301_per_package.tsv
bracken	Ingestion	RecipeParseFailure	MetadataRenderFailure	adapter_failure_tsv	2026-03-01T08:37:56.954455+00:00	Production	failed to parse rendered metadata for /Users/stephen/bioconda2rpm/bioconda-recipes/recipes/bracken/meta.yaml	failed to parse rendered metadata for /Users/stephen/bioconda2rpm/bioconda-recipes/recipes/bracken/meta.yaml	/Users/stephen/bioconda2rpm/targets/phoreus-bioconda2rpm-build-almalinux-9.7-aarch64/reports/failure_gathering/failure_gathering_20260301_per_package.tsv
busco	Ingestion	RecipeParseFailure	MetadataRenderFailure	adapter_failure_tsv	2026-03-01T08:37:56.954455+00:00	Production	failed to parse rendered metadata for /Users/stephen/bioconda2rpm/bioconda-recipes/recipes/busco/meta.yaml	failed to parse rendered metadata for /Users/stephen/bioconda2rpm/bioconda-recipes/recipes/busco/meta.yaml	/Users/stephen/bioconda2rpm/targets/phoreus-bioconda2rpm-build-almalinux-9.7-aarch64/reports/failure_gathering/failure_gathering_20260301_per_package.tsv
bwa	Ingestion	RecipeParseFailure	MetadataRenderFailure	adapter_failure_tsv	2026-03-01T08:37:56.954455+00:00	Production	failed to parse rendered metadata for /Users/stephen/bioconda2rpm/bioconda-recipes/recipes/bwa/meta.yaml	failed to parse rendered metadata for /Users/stephen/bioconda2rpm/bioconda-recipes/recipes/bwa/meta.yaml	/Users/stephen/bioconda2rpm/targets/phoreus-bioconda2rpm-build-almalinux-9.7-aarch64/reports/failure_gathering/failure_gathering_20260301_per_package.tsv
bwa-mem2	Ingestion	RecipeParseFailure	MetadataRenderFailure	adapter_failure_tsv	2026-03-01T08:37:56.954455+00:00	Production	failed to parse rendered metadata for /Users/stephen/bioconda2rpm/bioconda-recipes/recipes/bwa-mem2/meta.yaml	failed to parse rendered metadata for /Users/stephen/bioconda2rpm/bioconda-recipes/recipes/bwa-mem2/meta.yaml	/Users/stephen/bioconda2rpm/targets/phoreus-bioconda2rpm-build-almalinux-9.7-aarch64/reports/failure_gathering/failure_gathering_20260301_per_package.tsv
canu	Ingestion	RecipeParseFailure	MetadataRenderFailure	adapter_failure_tsv	2026-03-01T08:37:56.954455+00:00	Production	failed to parse rendered metadata for /Users/stephen/bioconda2rpm/bioconda-recipes/recipes/canu/meta.yaml	failed to parse rendered metadata for /Users/stephen/bioconda2rpm/bioconda-recipes/recipes/canu/meta.yaml	/Users/stephen/bioconda2rpm/targets/phoreus-bioconda2rpm-build-almalinux-9.7-aarch64/reports/failure_gathering/failure_gathering_20260301_per_package.tsv
centrifuge	Ingestion	RecipeParseFailure	MetadataRenderFailure	adapter_failure_tsv	2026-03-01T08:37:56.954455+00:00	Production	failed to parse rendered metadata for /Users/stephen/bioconda2rpm/bioconda-recipes/recipes/centrifuge/meta.yaml	failed to parse rendered metadata for /Users/stephen/bioconda2rpm/bioconda-recipes/recipes/centrifuge/meta.yaml	/Users/stephen/bioconda2rpm/targets/phoreus-bioconda2rpm-build-almalinux-9.7-aarch64/reports/failure_gathering/failure_gathering_20260301_per_package.tsv
chopper	Ingestion	RecipeParseFailure	MetadataRenderFailure	adapter_failure_tsv	2026-03-01T08:37:56.954455+00:00	Production	failed to parse rendered metadata for /Users/stephen/bioconda2rpm/bioconda-recipes/recipes/chopper/meta.yaml	failed to parse rendered metadata for /Users/stephen/bioconda2rpm/bioconda-recipes/recipes/chopper/meta.yaml	/Users/stephen/bioconda2rpm/targets/phoreus-bioconda2rpm-build-almalinux-9.7-aarch64/reports/failure_gathering/failure_gathering_20260301_per_package.tsv
clair3	Ingestion	RecipeParseFailure	MetadataRenderFailure	adapter_failure_tsv	2026-03-01T08:37:56.954455+00:00	Production	failed to parse rendered metadata for /Users/stephen/bioconda2rpm/bioconda-recipes/recipes/clair3/meta.yaml	failed to parse rendered metadata for /Users/stephen/bioconda2rpm/bioconda-recipes/recipes/clair3/meta.yaml	/Users/stephen/bioconda2rpm/targets/phoreus-bioconda2rpm-build-almalinux-9.7-aarch64/reports/failure_gathering/failure_gathering_20260301_per_package.tsv
cnvkit	Ingestion	RecipeParseFailure	MetadataRenderFailure	adapter_failure_tsv	2026-03-01T08:37:56.954455+00:00	Production	failed to parse rendered metadata for /Users/stephen/bioconda2rpm/bioconda-recipes/recipes/cnvkit/meta.yaml	failed to parse rendered metadata for /Users/stephen/bioconda2rpm/bioconda-recipes/recipes/cnvkit/meta.yaml	/Users/stephen/bioconda2rpm/targets/phoreus-bioconda2rpm-build-almalinux-9.7-aarch64/reports/failure_gathering/failure_gathering_20260301_per_package.tsv
cramino	Ingestion	RecipeParseFailure	MetadataRenderFailure	adapter_failure_tsv	2026-03-01T08:37:56.954455+00:00	Production	failed to parse rendered metadata for /Users/stephen/bioconda2rpm/bioconda-recipes/recipes/cramino/meta.yaml	failed to parse rendered metadata for /Users/stephen/bioconda2rpm/bioconda-recipes/recipes/cramino/meta.yaml	/Users/stephen/bioconda2rpm/targets/phoreus-bioconda2rpm-build-almalinux-9.7-aarch64/reports/failure_gathering/failure_gathering_20260301_per_package.tsv
cutadapt	Ingestion	RecipeParseFailure	MetadataRenderFailure	adapter_failure_tsv	2026-03-01T08:37:56.954455+00:00	Production	failed to parse rendered metadata for /Users/stephen/bioconda2rpm/bioconda-recipes/recipes/cutadapt/meta.yaml	failed to parse rendered metadata for /Users/stephen/bioconda2rpm/bioconda-recipes/recipes/cutadapt/meta.yaml	/Users/stephen/bioconda2rpm/targets/phoreus-bioconda2rpm-build-almalinux-9.7-aarch64/reports/failure_gathering/failure_gathering_20260301_per_package.tsv
cutesv	Ingestion	RecipeParseFailure	MetadataRenderFailure	adapter_failure_tsv	2026-03-01T08:37:56.954455+00:00	Production	failed to parse rendered metadata for /Users/stephen/bioconda2rpm/bioconda-recipes/recipes/cutesv/meta.yaml	failed to parse rendered metadata for /Users/stephen/bioconda2rpm/bioconda-recipes/recipes/cutesv/meta.yaml	/Users/stephen/bioconda2rpm/targets/phoreus-bioconda2rpm-build-almalinux-9.7-aarch64/reports/failure_gathering/failure_gathering_20260301_per_package.tsv
deeptools	Ingestion	RecipeParseFailure	MetadataRenderFailure	adapter_failure_tsv	2026-03-01T08:37:56.954455+00:00	Production	failed to parse rendered metadata for /Users/stephen/bioconda2rpm/bioconda-recipes/recipes/deeptools/meta.yaml	failed to parse rendered metadata for /Users/stephen/bioconda2rpm/bioconda-recipes/recipes/deeptools/meta.yaml	/Users/stephen/bioconda2rpm/targets/phoreus-bioconda2rpm-build-almalinux-9.7-aarch64/reports/failure_gathering/failure_gathering_20260301_per_package.tsv
delly	Ingestion	RecipeParseFailure	MetadataRenderFailure	adapter_failure_tsv	2026-03-01T08:37:56.954455+00:00	Production	failed to parse rendered metadata for /Users/stephen/bioconda2rpm/bioconda-recipes/recipes/delly/meta.yaml	failed to parse rendered metadata for /Users/stephen/bioconda2rpm/bioconda-recipes/recipes/delly/meta.yaml	/Users/stephen/bioconda2rpm/targets/phoreus-bioconda2rpm-build-almalinux-9.7-aarch64/reports/failure_gathering/failure_gathering_20260301_per_package.tsv
bioconductor-deseq2	Ingestion	RecipeParseFailure	MetadataRenderFailure	adapter_failure_tsv	2026-03-01T08:37:56.954455+00:00	Production	failed to parse rendered metadata for /Users/stephen/bioconda2rpm/bioconda-recipes/recipes/bioconductor-deseq2/meta.yaml	failed to parse rendered metadata for /Users/stephen/bioconda2rpm/bioconda-recipes/recipes/bioconductor-deseq2/meta.yaml	/Users/stephen/bioconda2rpm/targets/phoreus-bioconda2rpm-build-almalinux-9.7-aarch64/reports/failure_gathering/failure_gathering_20260301_per_package.tsv
bioconductor-dexseq	Ingestion	RecipeParseFailure	MetadataRenderFailure	adapter_failure_tsv	2026-03-01T08:37:56.954455+00:00	Production	failed to parse rendered metadata for /Users/stephen/bioconda2rpm/bioconda-recipes/recipes/bioconductor-dexseq/meta.yaml	failed to parse rendered metadata for /Users/stephen/bioconda2rpm/bioconda-recipes/recipes/bioconductor-dexseq/meta.yaml	/Users/stephen/bioconda2rpm/targets/phoreus-bioconda2rpm-build-almalinux-9.7-aarch64/reports/failure_gathering/failure_gathering_20260301_per_package.tsv
diamond	Ingestion	RecipeParseFailure	MetadataRenderFailure	adapter_failure_tsv	2026-03-01T08:37:56.954455+00:00	Production	failed to parse rendered metadata for /Users/stephen/bioconda2rpm/bioconda-recipes/recipes/diamond/meta.yaml	failed to parse rendered metadata for /Users/stephen/bioconda2rpm/bioconda-recipes/recipes/diamond/meta.yaml	/Users/stephen/bioconda2rpm/targets/phoreus-bioconda2rpm-build-almalinux-9.7-aarch64/reports/failure_gathering/failure_gathering_20260301_per_package.tsv
dnaapler	Ingestion	RecipeParseFailure	MetadataRenderFailure	adapter_failure_tsv	2026-03-01T08:37:56.954455+00:00	Production	failed to parse rendered metadata for /Users/stephen/bioconda2rpm/bioconda-recipes/recipes/dnaapler/meta.yaml	failed to parse rendered metadata for /Users/stephen/bioconda2rpm/bioconda-recipes/recipes/dnaapler/meta.yaml	/Users/stephen/bioconda2rpm/targets/phoreus-bioconda2rpm-build-almalinux-9.7-aarch64/reports/failure_gathering/failure_gathering_20260301_per_package.tsv
bioconductor-doubletrouble	Ingestion	RecipeParseFailure	MetadataRenderFailure	adapter_failure_tsv	2026-03-01T08:37:56.954455+00:00	Production	failed to parse rendered metadata for /Users/stephen/bioconda2rpm/bioconda-recipes/recipes/bioconductor-doubletrouble/meta.yaml	failed to parse rendered metadata for /Users/stephen/bioconda2rpm/bioconda-recipes/recipes/bioconductor-doubletrouble/meta.yaml	/Users/stephen/bioconda2rpm/targets/phoreus-bioconda2rpm-build-almalinux-9.7-aarch64/reports/failure_gathering/failure_gathering_20260301_per_package.tsv
dragonflye	Ingestion	RecipeParseFailure	MetadataRenderFailure	adapter_failure_tsv	2026-03-01T08:37:56.954455+00:00	Production	failed to parse rendered metadata for /Users/stephen/bioconda2rpm/bioconda-recipes/recipes/dragonflye/meta.yaml	failed to parse rendered metadata for /Users/stephen/bioconda2rpm/bioconda-recipes/recipes/dragonflye/meta.yaml	/Users/stephen/bioconda2rpm/targets/phoreus-bioconda2rpm-build-almalinux-9.7-aarch64/reports/failure_gathering/failure_gathering_20260301_per_package.tsv
python-edlib	Ingestion	RecipeParseFailure	MetadataRenderFailure	adapter_failure_tsv	2026-03-01T08:37:56.954455+00:00	Production	failed to parse rendered metadata for /Users/stephen/bioconda2rpm/bioconda-recipes/recipes/python-edlib/meta.yaml	failed to parse rendered metadata for /Users/stephen/bioconda2rpm/bioconda-recipes/recipes/python-edlib/meta.yaml	/Users/stephen/bioconda2rpm/targets/phoreus-bioconda2rpm-build-almalinux-9.7-aarch64/reports/failure_gathering/failure_gathering_20260301_per_package.tsv
emu	Ingestion	RecipeParseFailure	MetadataRenderFailure	adapter_failure_tsv	2026-03-01T08:37:56.954455+00:00	Production	failed to parse rendered metadata for /Users/stephen/bioconda2rpm/bioconda-recipes/recipes/emu/meta.yaml	failed to parse rendered metadata for /Users/stephen/bioconda2rpm/bioconda-recipes/recipes/emu/meta.yaml	/Users/stephen/bioconda2rpm/targets/phoreus-bioconda2rpm-build-almalinux-9.7-aarch64/reports/failure_gathering/failure_gathering_20260301_per_package.tsv
falco	Ingestion	RecipeParseFailure	MetadataRenderFailure	adapter_failure_tsv	2026-03-01T08:37:56.954455+00:00	Production	failed to parse rendered metadata for /Users/stephen/bioconda2rpm/bioconda-recipes/recipes/falco/meta.yaml	failed to parse rendered metadata for /Users/stephen/bioconda2rpm/bioconda-recipes/recipes/falco/meta.yaml	/Users/stephen/bioconda2rpm/targets/phoreus-bioconda2rpm-build-almalinux-9.7-aarch64/reports/failure_gathering/failure_gathering_20260301_per_package.tsv
py_fasta_validator	Ingestion	RecipeParseFailure	MetadataRenderFailure	adapter_failure_tsv	2026-03-01T08:37:56.954455+00:00	Production	failed to parse rendered metadata for /Users/stephen/bioconda2rpm/bioconda-recipes/recipes/py_fasta_validator/meta.yaml	failed to parse rendered metadata for /Users/stephen/bioconda2rpm/bioconda-recipes/recipes/py_fasta_validator/meta.yaml	/Users/stephen/bioconda2rpm/targets/phoreus-bioconda2rpm-build-almalinux-9.7-aarch64/reports/failure_gathering/failure_gathering_20260301_per_package.tsv
fastp	Ingestion	RecipeParseFailure	MetadataRenderFailure	adapter_failure_tsv	2026-03-01T08:37:56.954455+00:00	Production	failed to parse rendered metadata for /Users/stephen/bioconda2rpm/bioconda-recipes/recipes/fastp/meta.yaml	failed to parse rendered metadata for /Users/stephen/bioconda2rpm/bioconda-recipes/recipes/fastp/meta.yaml	/Users/stephen/bioconda2rpm/targets/phoreus-bioconda2rpm-build-almalinux-9.7-aarch64/reports/failure_gathering/failure_gathering_20260301_per_package.tsv
fastplong	Ingestion	RecipeParseFailure	MetadataRenderFailure	adapter_failure_tsv	2026-03-01T08:37:56.954455+00:00	Production	failed to parse rendered metadata for /Users/stephen/bioconda2rpm/bioconda-recipes/recipes/fastplong/meta.yaml	failed to parse rendered metadata for /Users/stephen/bioconda2rpm/bioconda-recipes/recipes/fastplong/meta.yaml	/Users/stephen/bioconda2rpm/targets/phoreus-bioconda2rpm-build-almalinux-9.7-aarch64/reports/failure_gathering/failure_gathering_20260301_per_package.tsv
fastq_utils	Ingestion	RecipeParseFailure	MetadataRenderFailure	adapter_failure_tsv	2026-03-01T08:37:56.954455+00:00	Production	failed to parse rendered metadata for /Users/stephen/bioconda2rpm/bioconda-recipes/recipes/fastq_utils/meta.yaml	failed to parse rendered metadata for /Users/stephen/bioconda2rpm/bioconda-recipes/recipes/fastq_utils/meta.yaml	/Users/stephen/bioconda2rpm/targets/phoreus-bioconda2rpm-build-almalinux-9.7-aarch64/reports/failure_gathering/failure_gathering_20260301_per_package.tsv
fastqc	Ingestion	RecipeParseFailure	MetadataRenderFailure	adapter_failure_tsv	2026-03-01T08:37:56.954455+00:00	Production	failed to parse rendered metadata for /Users/stephen/bioconda2rpm/bioconda-recipes/recipes/fastqc/meta.yaml	failed to parse rendered metadata for /Users/stephen/bioconda2rpm/bioconda-recipes/recipes/fastqc/meta.yaml	/Users/stephen/bioconda2rpm/targets/phoreus-bioconda2rpm-build-almalinux-9.7-aarch64/reports/failure_gathering/failure_gathering_20260301_per_package.tsv
flair	Ingestion	RecipeParseFailure	MetadataRenderFailure	adapter_failure_tsv	2026-03-01T08:37:56.954455+00:00	Production	failed to parse rendered metadata for /Users/stephen/bioconda2rpm/bioconda-recipes/recipes/flair/meta.yaml	failed to parse rendered metadata for /Users/stephen/bioconda2rpm/bioconda-recipes/recipes/flair/meta.yaml	/Users/stephen/bioconda2rpm/targets/phoreus-bioconda2rpm-build-almalinux-9.7-aarch64/reports/failure_gathering/failure_gathering_20260301_per_package.tsv
flye	Ingestion	RecipeParseFailure	MetadataRenderFailure	adapter_failure_tsv	2026-03-01T08:37:56.954455+00:00	Production	failed to parse rendered metadata for /Users/stephen/bioconda2rpm/bioconda-recipes/recipes/flye/meta.yaml	failed to parse rendered metadata for /Users/stephen/bioconda2rpm/bioconda-recipes/recipes/flye/meta.yaml	/Users/stephen/bioconda2rpm/targets/phoreus-bioconda2rpm-build-almalinux-9.7-aarch64/reports/failure_gathering/failure_gathering_20260301_per_package.tsv
fqtools	Ingestion	RecipeParseFailure	MetadataRenderFailure	adapter_failure_tsv	2026-03-01T08:37:56.954455+00:00	Production	failed to parse rendered metadata for /Users/stephen/bioconda2rpm/bioconda-recipes/recipes/fqtools/meta.yaml	failed to parse rendered metadata for /Users/stephen/bioconda2rpm/bioconda-recipes/recipes/fqtools/meta.yaml	/Users/stephen/bioconda2rpm/targets/phoreus-bioconda2rpm-build-almalinux-9.7-aarch64/reports/failure_gathering/failure_gathering_20260301_per_package.tsv
fusion-report	Ingestion	RecipeParseFailure	MetadataRenderFailure	adapter_failure_tsv	2026-03-01T08:37:56.954455+00:00	Production	failed to parse rendered metadata for /Users/stephen/bioconda2rpm/bioconda-recipes/recipes/fusion-report/meta.yaml	failed to parse rendered metadata for /Users/stephen/bioconda2rpm/bioconda-recipes/recipes/fusion-report/meta.yaml	/Users/stephen/bioconda2rpm/targets/phoreus-bioconda2rpm-build-almalinux-9.7-aarch64/reports/failure_gathering/failure_gathering_20260301_per_package.tsv
gatk	Ingestion	RecipeParseFailure	MetadataRenderFailure	adapter_failure_tsv	2026-03-01T08:37:56.954455+00:00	Production	failed to parse rendered metadata for /Users/stephen/bioconda2rpm/bioconda-recipes/recipes/gatk/meta.yaml	failed to parse rendered metadata for /Users/stephen/bioconda2rpm/bioconda-recipes/recipes/gatk/meta.yaml	/Users/stephen/bioconda2rpm/targets/phoreus-bioconda2rpm-build-almalinux-9.7-aarch64/reports/failure_gathering/failure_gathering_20260301_per_package.tsv
genometools	Ingestion	RecipeParseFailure	MetadataRenderFailure	adapter_failure_tsv	2026-03-01T08:37:56.954455+00:00	Production	failed to parse rendered metadata for /Users/stephen/bioconda2rpm/bioconda-recipes/recipes/genometools/meta.yaml	failed to parse rendered metadata for /Users/stephen/bioconda2rpm/bioconda-recipes/recipes/genometools/meta.yaml	/Users/stephen/bioconda2rpm/targets/phoreus-bioconda2rpm-build-almalinux-9.7-aarch64/reports/failure_gathering/failure_gathering_20260301_per_package.tsv
gepard	Ingestion	RecipeParseFailure	MetadataRenderFailure	adapter_failure_tsv	2026-03-01T08:37:56.954455+00:00	Production	failed to parse rendered metadata for /Users/stephen/bioconda2rpm/bioconda-recipes/recipes/gepard/meta.yaml	failed to parse rendered metadata for /Users/stephen/bioconda2rpm/bioconda-recipes/recipes/gepard/meta.yaml	/Users/stephen/bioconda2rpm/targets/phoreus-bioconda2rpm-build-almalinux-9.7-aarch64/reports/failure_gathering/failure_gathering_20260301_per_package.tsv
gfastats	Ingestion	RecipeParseFailure	MetadataRenderFailure	adapter_failure_tsv	2026-03-01T08:37:56.954455+00:00	Production	failed to parse rendered metadata for /Users/stephen/bioconda2rpm/bioconda-recipes/recipes/gfastats/meta.yaml	failed to parse rendered metadata for /Users/stephen/bioconda2rpm/bioconda-recipes/recipes/gfastats/meta.yaml	/Users/stephen/bioconda2rpm/targets/phoreus-bioconda2rpm-build-almalinux-9.7-aarch64/reports/failure_gathering/failure_gathering_20260301_per_package.tsv
gffcompare	Ingestion	RecipeParseFailure	MetadataRenderFailure	adapter_failure_tsv	2026-03-01T08:37:56.954455+00:00	Production	failed to parse rendered metadata for /Users/stephen/bioconda2rpm/bioconda-recipes/recipes/gffcompare/meta.yaml	failed to parse rendered metadata for /Users/stephen/bioconda2rpm/bioconda-recipes/recipes/gffcompare/meta.yaml	/Users/stephen/bioconda2rpm/targets/phoreus-bioconda2rpm-build-almalinux-9.7-aarch64/reports/failure_gathering/failure_gathering_20260301_per_package.tsv
goldrush	Ingestion	RecipeParseFailure	MetadataRenderFailure	adapter_failure_tsv	2026-03-01T08:37:56.954455+00:00	Production	failed to parse rendered metadata for /Users/stephen/bioconda2rpm/bioconda-recipes/recipes/goldrush/meta.yaml	failed to parse rendered metadata for /Users/stephen/bioconda2rpm/bioconda-recipes/recipes/goldrush/meta.yaml	/Users/stephen/bioconda2rpm/targets/phoreus-bioconda2rpm-build-almalinux-9.7-aarch64/reports/failure_gathering/failure_gathering_20260301_per_package.tsv
hap.py	Ingestion	RecipeParseFailure	MetadataRenderFailure	adapter_failure_tsv	2026-03-01T08:37:56.954455+00:00	Production	failed to parse rendered metadata for /Users/stephen/bioconda2rpm/bioconda-recipes/recipes/hap.py/meta.yaml	failed to parse rendered metadata for /Users/stephen/bioconda2rpm/bioconda-recipes/recipes/hap.py/meta.yaml	/Users/stephen/bioconda2rpm/targets/phoreus-bioconda2rpm-build-almalinux-9.7-aarch64/reports/failure_gathering/failure_gathering_20260301_per_package.tsv
hifiasm	Ingestion	RecipeParseFailure	MetadataRenderFailure	adapter_failure_tsv	2026-03-01T08:37:56.954455+00:00	Production	failed to parse rendered metadata for /Users/stephen/bioconda2rpm/bioconda-recipes/recipes/hifiasm/meta.yaml	failed to parse rendered metadata for /Users/stephen/bioconda2rpm/bioconda-recipes/recipes/hifiasm/meta.yaml	/Users/stephen/bioconda2rpm/targets/phoreus-bioconda2rpm-build-almalinux-9.7-aarch64/reports/failure_gathering/failure_gathering_20260301_per_package.tsv
hifiasm_meta	Ingestion	RecipeParseFailure	MetadataRenderFailure	adapter_failure_tsv	2026-03-01T08:37:56.954455+00:00	Production	failed to parse rendered metadata for /Users/stephen/bioconda2rpm/bioconda-recipes/recipes/hifiasm_meta/meta.yaml	failed to parse rendered metadata for /Users/stephen/bioconda2rpm/bioconda-recipes/recipes/hifiasm_meta/meta.yaml	/Users/stephen/bioconda2rpm/targets/phoreus-bioconda2rpm-build-almalinux-9.7-aarch64/reports/failure_gathering/failure_gathering_20260301_per_package.tsv
htslib	Ingestion	RecipeParseFailure	MetadataRenderFailure	adapter_failure_tsv	2026-03-01T08:37:56.954455+00:00	Production	failed to parse rendered metadata for /Users/stephen/bioconda2rpm/bioconda-recipes/recipes/htslib/meta.yaml	failed to parse rendered metadata for /Users/stephen/bioconda2rpm/bioconda-recipes/recipes/htslib/meta.yaml	/Users/stephen/bioconda2rpm/targets/phoreus-bioconda2rpm-build-almalinux-9.7-aarch64/reports/failure_gathering/failure_gathering_20260301_per_package.tsv
igv	Ingestion	RecipeParseFailure	MetadataRenderFailure	adapter_failure_tsv	2026-03-01T08:37:56.954455+00:00	Production	failed to parse rendered metadata for /Users/stephen/bioconda2rpm/bioconda-recipes/recipes/igv/meta.yaml	failed to parse rendered metadata for /Users/stephen/bioconda2rpm/bioconda-recipes/recipes/igv/meta.yaml	/Users/stephen/bioconda2rpm/targets/phoreus-bioconda2rpm-build-almalinux-9.7-aarch64/reports/failure_gathering/failure_gathering_20260301_per_package.tsv
isonclust3	Ingestion	RecipeParseFailure	MetadataRenderFailure	adapter_failure_tsv	2026-03-01T08:37:56.954455+00:00	Production	failed to parse rendered metadata for /Users/stephen/bioconda2rpm/bioconda-recipes/recipes/isonclust3/meta.yaml	failed to parse rendered metadata for /Users/stephen/bioconda2rpm/bioconda-recipes/recipes/isonclust3/meta.yaml	/Users/stephen/bioconda2rpm/targets/phoreus-bioconda2rpm-build-almalinux-9.7-aarch64/reports/failure_gathering/failure_gathering_20260301_per_package.tsv
isoquant	Ingestion	RecipeParseFailure	MetadataRenderFailure	adapter_failure_tsv	2026-03-01T08:37:56.954455+00:00	Production	failed to parse rendered metadata for /Users/stephen/bioconda2rpm/bioconda-recipes/recipes/isoquant/meta.yaml	failed to parse rendered metadata for /Users/stephen/bioconda2rpm/bioconda-recipes/recipes/isoquant/meta.yaml	/Users/stephen/bioconda2rpm/targets/phoreus-bioconda2rpm-build-almalinux-9.7-aarch64/reports/failure_gathering/failure_gathering_20260301_per_package.tsv
jaffa	Ingestion	RecipeParseFailure	MetadataRenderFailure	adapter_failure_tsv	2026-03-01T08:37:56.954455+00:00	Production	failed to parse rendered metadata for /Users/stephen/bioconda2rpm/bioconda-recipes/recipes/jaffa/meta.yaml	failed to parse rendered metadata for /Users/stephen/bioconda2rpm/bioconda-recipes/recipes/jaffa/meta.yaml	/Users/stephen/bioconda2rpm/targets/phoreus-bioconda2rpm-build-almalinux-9.7-aarch64/reports/failure_gathering/failure_gathering_20260301_per_package.tsv
kmer-jellyfish	Ingestion	RecipeParseFailure	MetadataRenderFailure	adapter_failure_tsv	2026-03-01T08:37:56.954455+00:00	Production	failed to parse rendered metadata for /Users/stephen/bioconda2rpm/bioconda-recipes/recipes/kmer-jellyfish/meta.yaml	failed to parse rendered metadata for /Users/stephen/bioconda2rpm/bioconda-recipes/recipes/kmer-jellyfish/meta.yaml	/Users/stephen/bioconda2rpm/targets/phoreus-bioconda2rpm-build-almalinux-9.7-aarch64/reports/failure_gathering/failure_gathering_20260301_per_package.tsv
kallisto	Ingestion	RecipeParseFailure	MetadataRenderFailure	adapter_failure_tsv	2026-03-01T08:37:56.954455+00:00	Production	failed to parse rendered metadata for /Users/stephen/bioconda2rpm/bioconda-recipes/recipes/kallisto/meta.yaml	failed to parse rendered metadata for /Users/stephen/bioconda2rpm/bioconda-recipes/recipes/kallisto/meta.yaml	/Users/stephen/bioconda2rpm/targets/phoreus-bioconda2rpm-build-almalinux-9.7-aarch64/reports/failure_gathering/failure_gathering_20260301_per_package.tsv
kanpig	Ingestion	RecipeParseFailure	MetadataRenderFailure	adapter_failure_tsv	2026-03-01T08:37:56.954455+00:00	Production	failed to parse rendered metadata for /Users/stephen/bioconda2rpm/bioconda-recipes/recipes/kanpig/meta.yaml	failed to parse rendered metadata for /Users/stephen/bioconda2rpm/bioconda-recipes/recipes/kanpig/meta.yaml	/Users/stephen/bioconda2rpm/targets/phoreus-bioconda2rpm-build-almalinux-9.7-aarch64/reports/failure_gathering/failure_gathering_20260301_per_package.tsv
kraken2	Ingestion	RecipeParseFailure	MetadataRenderFailure	adapter_failure_tsv	2026-03-01T08:37:56.954455+00:00	Production	failed to parse rendered metadata for /Users/stephen/bioconda2rpm/bioconda-recipes/recipes/kraken2/meta.yaml	failed to parse rendered metadata for /Users/stephen/bioconda2rpm/bioconda-recipes/recipes/kraken2/meta.yaml	/Users/stephen/bioconda2rpm/targets/phoreus-bioconda2rpm-build-almalinux-9.7-aarch64/reports/failure_gathering/failure_gathering_20260301_per_package.tsv
krakenuniq	Ingestion	RecipeParseFailure	MetadataRenderFailure	adapter_failure_tsv	2026-03-01T08:37:56.954455+00:00	Production	failed to parse rendered metadata for /Users/stephen/bioconda2rpm/bioconda-recipes/recipes/krakenuniq/meta.yaml	failed to parse rendered metadata for /Users/stephen/bioconda2rpm/bioconda-recipes/recipes/krakenuniq/meta.yaml	/Users/stephen/bioconda2rpm/targets/phoreus-bioconda2rpm-build-almalinux-9.7-aarch64/reports/failure_gathering/failure_gathering_20260301_per_package.tsv
libbigwig	Ingestion	RecipeParseFailure	MetadataRenderFailure	adapter_failure_tsv	2026-03-01T08:37:56.954455+00:00	Production	failed to parse rendered metadata for /Users/stephen/bioconda2rpm/bioconda-recipes/recipes/libbigwig/meta.yaml	failed to parse rendered metadata for /Users/stephen/bioconda2rpm/bioconda-recipes/recipes/libbigwig/meta.yaml	/Users/stephen/bioconda2rpm/targets/phoreus-bioconda2rpm-build-almalinux-9.7-aarch64/reports/failure_gathering/failure_gathering_20260301_per_package.tsv
bioconductor-limma	Ingestion	RecipeParseFailure	MetadataRenderFailure	adapter_failure_tsv	2026-03-01T08:37:56.954455+00:00	Production	failed to parse rendered metadata for /Users/stephen/bioconda2rpm/bioconda-recipes/recipes/bioconductor-limma/meta.yaml	failed to parse rendered metadata for /Users/stephen/bioconda2rpm/bioconda-recipes/recipes/bioconductor-limma/meta.yaml	/Users/stephen/bioconda2rpm/targets/phoreus-bioconda2rpm-build-almalinux-9.7-aarch64/reports/failure_gathering/failure_gathering_20260301_per_package.tsv
longcalld	Ingestion	RecipeParseFailure	MetadataRenderFailure	adapter_failure_tsv	2026-03-01T08:37:56.954455+00:00	Production	failed to parse rendered metadata for /Users/stephen/bioconda2rpm/bioconda-recipes/recipes/longcalld/meta.yaml	failed to parse rendered metadata for /Users/stephen/bioconda2rpm/bioconda-recipes/recipes/longcalld/meta.yaml	/Users/stephen/bioconda2rpm/targets/phoreus-bioconda2rpm-build-almalinux-9.7-aarch64/reports/failure_gathering/failure_gathering_20260301_per_package.tsv
longcallr	Ingestion	RecipeParseFailure	MetadataRenderFailure	adapter_failure_tsv	2026-03-01T08:37:56.954455+00:00	Production	failed to parse rendered metadata for /Users/stephen/bioconda2rpm/bioconda-recipes/recipes/longcallr/meta.yaml	failed to parse rendered metadata for /Users/stephen/bioconda2rpm/bioconda-recipes/recipes/longcallr/meta.yaml	/Users/stephen/bioconda2rpm/targets/phoreus-bioconda2rpm-build-almalinux-9.7-aarch64/reports/failure_gathering/failure_gathering_20260301_per_package.tsv
longphase	Ingestion	RecipeParseFailure	MetadataRenderFailure	adapter_failure_tsv	2026-03-01T08:37:56.954455+00:00	Production	failed to parse rendered metadata for /Users/stephen/bioconda2rpm/bioconda-recipes/recipes/longphase/meta.yaml	failed to parse rendered metadata for /Users/stephen/bioconda2rpm/bioconda-recipes/recipes/longphase/meta.yaml	/Users/stephen/bioconda2rpm/targets/phoreus-bioconda2rpm-build-almalinux-9.7-aarch64/reports/failure_gathering/failure_gathering_20260301_per_package.tsv
longshot	Ingestion	RecipeParseFailure	MetadataRenderFailure	adapter_failure_tsv	2026-03-01T08:37:56.954455+00:00	Production	failed to parse rendered metadata for /Users/stephen/bioconda2rpm/bioconda-recipes/recipes/longshot/meta.yaml	failed to parse rendered metadata for /Users/stephen/bioconda2rpm/bioconda-recipes/recipes/longshot/meta.yaml	/Users/stephen/bioconda2rpm/targets/phoreus-bioconda2rpm-build-almalinux-9.7-aarch64/reports/failure_gathering/failure_gathering_20260301_per_package.tsv
mash	Ingestion	RecipeParseFailure	MetadataRenderFailure	adapter_failure_tsv	2026-03-01T08:37:56.954455+00:00	Production	failed to parse rendered metadata for /Users/stephen/bioconda2rpm/bioconda-recipes/recipes/mash/meta.yaml	failed to parse rendered metadata for /Users/stephen/bioconda2rpm/bioconda-recipes/recipes/mash/meta.yaml	/Users/stephen/bioconda2rpm/targets/phoreus-bioconda2rpm-build-almalinux-9.7-aarch64/reports/failure_gathering/failure_gathering_20260301_per_package.tsv
megahit	Ingestion	RecipeParseFailure	MetadataRenderFailure	adapter_failure_tsv	2026-03-01T08:37:56.954455+00:00	Production	failed to parse rendered metadata for /Users/stephen/bioconda2rpm/bioconda-recipes/recipes/megahit/meta.yaml	failed to parse rendered metadata for /Users/stephen/bioconda2rpm/bioconda-recipes/recipes/megahit/meta.yaml	/Users/stephen/bioconda2rpm/targets/phoreus-bioconda2rpm-build-almalinux-9.7-aarch64/reports/failure_gathering/failure_gathering_20260301_per_package.tsv
r-metablastr	Ingestion	RecipeParseFailure	MetadataRenderFailure	adapter_failure_tsv	2026-03-01T08:37:56.954455+00:00	Production	failed to parse rendered metadata for /Users/stephen/bioconda2rpm/bioconda-recipes/recipes/r-metablastr/meta.yaml	failed to parse rendered metadata for /Users/stephen/bioconda2rpm/bioconda-recipes/recipes/r-metablastr/meta.yaml	/Users/stephen/bioconda2rpm/targets/phoreus-bioconda2rpm-build-almalinux-9.7-aarch64/reports/failure_gathering/failure_gathering_20260301_per_package.tsv
methphaser	Ingestion	RecipeParseFailure	MetadataRenderFailure	adapter_failure_tsv	2026-03-01T08:37:56.954455+00:00	Production	failed to parse rendered metadata for /Users/stephen/bioconda2rpm/bioconda-recipes/recipes/methphaser/meta.yaml	failed to parse rendered metadata for /Users/stephen/bioconda2rpm/bioconda-recipes/recipes/methphaser/meta.yaml	/Users/stephen/bioconda2rpm/targets/phoreus-bioconda2rpm-build-almalinux-9.7-aarch64/reports/failure_gathering/failure_gathering_20260301_per_package.tsv
miniasm	Ingestion	RecipeParseFailure	MetadataRenderFailure	adapter_failure_tsv	2026-03-01T08:37:56.954455+00:00	Production	failed to parse rendered metadata for /Users/stephen/bioconda2rpm/bioconda-recipes/recipes/miniasm/meta.yaml	failed to parse rendered metadata for /Users/stephen/bioconda2rpm/bioconda-recipes/recipes/miniasm/meta.yaml	/Users/stephen/bioconda2rpm/targets/phoreus-bioconda2rpm-build-almalinux-9.7-aarch64/reports/failure_gathering/failure_gathering_20260301_per_package.tsv
minipolish	Ingestion	RecipeParseFailure	MetadataRenderFailure	adapter_failure_tsv	2026-03-01T08:37:56.954455+00:00	Production	failed to parse rendered metadata for /Users/stephen/bioconda2rpm/bioconda-recipes/recipes/minipolish/meta.yaml	failed to parse rendered metadata for /Users/stephen/bioconda2rpm/bioconda-recipes/recipes/minipolish/meta.yaml	/Users/stephen/bioconda2rpm/targets/phoreus-bioconda2rpm-build-almalinux-9.7-aarch64/reports/failure_gathering/failure_gathering_20260301_per_package.tsv
mosdepth	Ingestion	RecipeParseFailure	MetadataRenderFailure	adapter_failure_tsv	2026-03-01T08:37:56.954455+00:00	Production	failed to parse rendered metadata for /Users/stephen/bioconda2rpm/bioconda-recipes/recipes/mosdepth/meta.yaml	failed to parse rendered metadata for /Users/stephen/bioconda2rpm/bioconda-recipes/recipes/mosdepth/meta.yaml	/Users/stephen/bioconda2rpm/targets/phoreus-bioconda2rpm-build-almalinux-9.7-aarch64/reports/failure_gathering/failure_gathering_20260301_per_package.tsv
mothur	Ingestion	RecipeParseFailure	MetadataRenderFailure	adapter_failure_tsv	2026-03-01T08:37:56.954455+00:00	Production	failed to parse rendered metadata for /Users/stephen/bioconda2rpm/bioconda-recipes/recipes/mothur/meta.yaml	failed to parse rendered metadata for /Users/stephen/bioconda2rpm/bioconda-recipes/recipes/mothur/meta.yaml	/Users/stephen/bioconda2rpm/targets/phoreus-bioconda2rpm-build-almalinux-9.7-aarch64/reports/failure_gathering/failure_gathering_20260301_per_package.tsv
multiqc	Ingestion	RecipeParseFailure	MetadataRenderFailure	adapter_failure_tsv	2026-03-01T08:37:56.954455+00:00	Production	failed to parse rendered metadata for /Users/stephen/bioconda2rpm/bioconda-recipes/recipes/multiqc/meta.yaml	failed to parse rendered metadata for /Users/stephen/bioconda2rpm/bioconda-recipes/recipes/multiqc/meta.yaml	/Users/stephen/bioconda2rpm/targets/phoreus-bioconda2rpm-build-almalinux-9.7-aarch64/reports/failure_gathering/failure_gathering_20260301_per_package.tsv
nanocomp	Ingestion	RecipeParseFailure	MetadataRenderFailure	adapter_failure_tsv	2026-03-01T08:37:56.954455+00:00	Production	failed to parse rendered metadata for /Users/stephen/bioconda2rpm/bioconda-recipes/recipes/nanocomp/meta.yaml	failed to parse rendered metadata for /Users/stephen/bioconda2rpm/bioconda-recipes/recipes/nanocomp/meta.yaml	/Users/stephen/bioconda2rpm/targets/phoreus-bioconda2rpm-build-almalinux-9.7-aarch64/reports/failure_gathering/failure_gathering_20260301_per_package.tsv
nanofilt	Ingestion	RecipeParseFailure	MetadataRenderFailure	adapter_failure_tsv	2026-03-01T08:37:56.954455+00:00	Production	failed to parse rendered metadata for /Users/stephen/bioconda2rpm/bioconda-recipes/recipes/nanofilt/meta.yaml	failed to parse rendered metadata for /Users/stephen/bioconda2rpm/bioconda-recipes/recipes/nanofilt/meta.yaml	/Users/stephen/bioconda2rpm/targets/phoreus-bioconda2rpm-build-almalinux-9.7-aarch64/reports/failure_gathering/failure_gathering_20260301_per_package.tsv
nanopack	Ingestion	RecipeParseFailure	MetadataRenderFailure	adapter_failure_tsv	2026-03-01T08:37:56.954455+00:00	Production	failed to parse rendered metadata for /Users/stephen/bioconda2rpm/bioconda-recipes/recipes/nanopack/meta.yaml	failed to parse rendered metadata for /Users/stephen/bioconda2rpm/bioconda-recipes/recipes/nanopack/meta.yaml	/Users/stephen/bioconda2rpm/targets/phoreus-bioconda2rpm-build-almalinux-9.7-aarch64/reports/failure_gathering/failure_gathering_20260301_per_package.tsv
nanoplot	Ingestion	RecipeParseFailure	MetadataRenderFailure	adapter_failure_tsv	2026-03-01T08:37:56.954455+00:00	Production	failed to parse rendered metadata for /Users/stephen/bioconda2rpm/bioconda-recipes/recipes/nanoplot/meta.yaml	failed to parse rendered metadata for /Users/stephen/bioconda2rpm/bioconda-recipes/recipes/nanoplot/meta.yaml	/Users/stephen/bioconda2rpm/targets/phoreus-bioconda2rpm-build-almalinux-9.7-aarch64/reports/failure_gathering/failure_gathering_20260301_per_package.tsv
nanoqc	Ingestion	RecipeParseFailure	MetadataRenderFailure	adapter_failure_tsv	2026-03-01T08:37:56.954455+00:00	Production	failed to parse rendered metadata for /Users/stephen/bioconda2rpm/bioconda-recipes/recipes/nanoqc/meta.yaml	failed to parse rendered metadata for /Users/stephen/bioconda2rpm/bioconda-recipes/recipes/nanoqc/meta.yaml	/Users/stephen/bioconda2rpm/targets/phoreus-bioconda2rpm-build-almalinux-9.7-aarch64/reports/failure_gathering/failure_gathering_20260301_per_package.tsv
necat	Ingestion	RecipeParseFailure	MetadataRenderFailure	adapter_failure_tsv	2026-03-01T08:37:56.954455+00:00	Production	failed to parse rendered metadata for /Users/stephen/bioconda2rpm/bioconda-recipes/recipes/necat/meta.yaml	failed to parse rendered metadata for /Users/stephen/bioconda2rpm/bioconda-recipes/recipes/necat/meta.yaml	/Users/stephen/bioconda2rpm/targets/phoreus-bioconda2rpm-build-almalinux-9.7-aarch64/reports/failure_gathering/failure_gathering_20260301_per_package.tsv
nextclade	Ingestion	RecipeParseFailure	MetadataRenderFailure	adapter_failure_tsv	2026-03-01T08:37:56.954455+00:00	Production	failed to parse rendered metadata for /Users/stephen/bioconda2rpm/bioconda-recipes/recipes/nextclade/meta.yaml	failed to parse rendered metadata for /Users/stephen/bioconda2rpm/bioconda-recipes/recipes/nextclade/meta.yaml	/Users/stephen/bioconda2rpm/targets/phoreus-bioconda2rpm-build-almalinux-9.7-aarch64/reports/failure_gathering/failure_gathering_20260301_per_package.tsv
nextflow	Ingestion	RecipeParseFailure	MetadataRenderFailure	adapter_failure_tsv	2026-03-01T08:37:56.954455+00:00	Production	failed to parse rendered metadata for /Users/stephen/bioconda2rpm/bioconda-recipes/recipes/nextflow/meta.yaml	failed to parse rendered metadata for /Users/stephen/bioconda2rpm/bioconda-recipes/recipes/nextflow/meta.yaml	/Users/stephen/bioconda2rpm/targets/phoreus-bioconda2rpm-build-almalinux-9.7-aarch64/reports/failure_gathering/failure_gathering_20260301_per_package.tsv
oarfish	Ingestion	RecipeParseFailure	MetadataRenderFailure	adapter_failure_tsv	2026-03-01T08:37:56.954455+00:00	Production	failed to parse rendered metadata for /Users/stephen/bioconda2rpm/bioconda-recipes/recipes/oarfish/meta.yaml	failed to parse rendered metadata for /Users/stephen/bioconda2rpm/bioconda-recipes/recipes/oarfish/meta.yaml	/Users/stephen/bioconda2rpm/targets/phoreus-bioconda2rpm-build-almalinux-9.7-aarch64/reports/failure_gathering/failure_gathering_20260301_per_package.tsv
paraphase	Ingestion	RecipeParseFailure	MetadataRenderFailure	adapter_failure_tsv	2026-03-01T08:37:56.954455+00:00	Production	failed to parse rendered metadata for /Users/stephen/bioconda2rpm/bioconda-recipes/recipes/paraphase/meta.yaml	failed to parse rendered metadata for /Users/stephen/bioconda2rpm/bioconda-recipes/recipes/paraphase/meta.yaml	/Users/stephen/bioconda2rpm/targets/phoreus-bioconda2rpm-build-almalinux-9.7-aarch64/reports/failure_gathering/failure_gathering_20260301_per_package.tsv
picard	Ingestion	RecipeParseFailure	MetadataRenderFailure	adapter_failure_tsv	2026-03-01T08:37:56.954455+00:00	Production	failed to parse rendered metadata for /Users/stephen/bioconda2rpm/bioconda-recipes/recipes/picard/meta.yaml	failed to parse rendered metadata for /Users/stephen/bioconda2rpm/bioconda-recipes/recipes/picard/meta.yaml	/Users/stephen/bioconda2rpm/targets/phoreus-bioconda2rpm-build-almalinux-9.7-aarch64/reports/failure_gathering/failure_gathering_20260301_per_package.tsv
picopore	Ingestion	RecipeParseFailure	MetadataRenderFailure	adapter_failure_tsv	2026-03-01T08:37:56.954455+00:00	Production	failed to parse rendered metadata for /Users/stephen/bioconda2rpm/bioconda-recipes/recipes/picopore/meta.yaml	failed to parse rendered metadata for /Users/stephen/bioconda2rpm/bioconda-recipes/recipes/picopore/meta.yaml	/Users/stephen/bioconda2rpm/targets/phoreus-bioconda2rpm-build-almalinux-9.7-aarch64/reports/failure_gathering/failure_gathering_20260301_per_package.tsv
pilon	Ingestion	RecipeParseFailure	MetadataRenderFailure	adapter_failure_tsv	2026-03-01T08:37:56.954455+00:00	Production	failed to parse rendered metadata for /Users/stephen/bioconda2rpm/bioconda-recipes/recipes/pilon/meta.yaml	failed to parse rendered metadata for /Users/stephen/bioconda2rpm/bioconda-recipes/recipes/pilon/meta.yaml	/Users/stephen/bioconda2rpm/targets/phoreus-bioconda2rpm-build-almalinux-9.7-aarch64/reports/failure_gathering/failure_gathering_20260301_per_package.tsv
plassembler	Ingestion	RecipeParseFailure	MetadataRenderFailure	adapter_failure_tsv	2026-03-01T08:37:56.954455+00:00	Production	failed to parse rendered metadata for /Users/stephen/bioconda2rpm/bioconda-recipes/recipes/plassembler/meta.yaml	failed to parse rendered metadata for /Users/stephen/bioconda2rpm/bioconda-recipes/recipes/plassembler/meta.yaml	/Users/stephen/bioconda2rpm/targets/phoreus-bioconda2rpm-build-almalinux-9.7-aarch64/reports/failure_gathering/failure_gathering_20260301_per_package.tsv
plink	Ingestion	RecipeParseFailure	MetadataRenderFailure	adapter_failure_tsv	2026-03-01T08:37:56.954455+00:00	Production	failed to parse rendered metadata for /Users/stephen/bioconda2rpm/bioconda-recipes/recipes/plink/meta.yaml	failed to parse rendered metadata for /Users/stephen/bioconda2rpm/bioconda-recipes/recipes/plink/meta.yaml	/Users/stephen/bioconda2rpm/targets/phoreus-bioconda2rpm-build-almalinux-9.7-aarch64/reports/failure_gathering/failure_gathering_20260301_per_package.tsv
porechop	Ingestion	RecipeParseFailure	MetadataRenderFailure	adapter_failure_tsv	2026-03-01T08:37:56.954455+00:00	Production	failed to parse rendered metadata for /Users/stephen/bioconda2rpm/bioconda-recipes/recipes/porechop/meta.yaml	failed to parse rendered metadata for /Users/stephen/bioconda2rpm/bioconda-recipes/recipes/porechop/meta.yaml	/Users/stephen/bioconda2rpm/targets/phoreus-bioconda2rpm-build-almalinux-9.7-aarch64/reports/failure_gathering/failure_gathering_20260301_per_package.tsv
poretools	Ingestion	RecipeParseFailure	MetadataRenderFailure	adapter_failure_tsv	2026-03-01T08:37:56.954455+00:00	Production	failed to parse rendered metadata for /Users/stephen/bioconda2rpm/bioconda-recipes/recipes/poretools/meta.yaml	failed to parse rendered metadata for /Users/stephen/bioconda2rpm/bioconda-recipes/recipes/poretools/meta.yaml	/Users/stephen/bioconda2rpm/targets/phoreus-bioconda2rpm-build-almalinux-9.7-aarch64/reports/failure_gathering/failure_gathering_20260301_per_package.tsv
pychopper	Ingestion	RecipeParseFailure	MetadataRenderFailure	adapter_failure_tsv	2026-03-01T08:37:56.954455+00:00	Production	failed to parse rendered metadata for /Users/stephen/bioconda2rpm/bioconda-recipes/recipes/pychopper/meta.yaml	failed to parse rendered metadata for /Users/stephen/bioconda2rpm/bioconda-recipes/recipes/pychopper/meta.yaml	/Users/stephen/bioconda2rpm/targets/phoreus-bioconda2rpm-build-almalinux-9.7-aarch64/reports/failure_gathering/failure_gathering_20260301_per_package.tsv
pysamstats	Ingestion	RecipeParseFailure	MetadataRenderFailure	adapter_failure_tsv	2026-03-01T08:37:56.954455+00:00	Production	failed to parse rendered metadata for /Users/stephen/bioconda2rpm/bioconda-recipes/recipes/pysamstats/meta.yaml	failed to parse rendered metadata for /Users/stephen/bioconda2rpm/bioconda-recipes/recipes/pysamstats/meta.yaml	/Users/stephen/bioconda2rpm/targets/phoreus-bioconda2rpm-build-almalinux-9.7-aarch64/reports/failure_gathering/failure_gathering_20260301_per_package.tsv
qualimap	Ingestion	RecipeParseFailure	MetadataRenderFailure	adapter_failure_tsv	2026-03-01T08:37:56.954455+00:00	Production	failed to parse rendered metadata for /Users/stephen/bioconda2rpm/bioconda-recipes/recipes/qualimap/meta.yaml	failed to parse rendered metadata for /Users/stephen/bioconda2rpm/bioconda-recipes/recipes/qualimap/meta.yaml	/Users/stephen/bioconda2rpm/targets/phoreus-bioconda2rpm-build-almalinux-9.7-aarch64/reports/failure_gathering/failure_gathering_20260301_per_package.tsv
quast	Ingestion	RecipeParseFailure	MetadataRenderFailure	adapter_failure_tsv	2026-03-01T08:37:56.954455+00:00	Production	failed to parse rendered metadata for /Users/stephen/bioconda2rpm/bioconda-recipes/recipes/quast/meta.yaml	failed to parse rendered metadata for /Users/stephen/bioconda2rpm/bioconda-recipes/recipes/quast/meta.yaml	/Users/stephen/bioconda2rpm/targets/phoreus-bioconda2rpm-build-almalinux-9.7-aarch64/reports/failure_gathering/failure_gathering_20260301_per_package.tsv
racon	Ingestion	RecipeParseFailure	MetadataRenderFailure	adapter_failure_tsv	2026-03-01T08:37:56.954455+00:00	Production	failed to parse rendered metadata for /Users/stephen/bioconda2rpm/bioconda-recipes/recipes/racon/meta.yaml	failed to parse rendered metadata for /Users/stephen/bioconda2rpm/bioconda-recipes/recipes/racon/meta.yaml	/Users/stephen/bioconda2rpm/targets/phoreus-bioconda2rpm-build-almalinux-9.7-aarch64/reports/failure_gathering/failure_gathering_20260301_per_package.tsv
rasusa	Ingestion	RecipeParseFailure	MetadataRenderFailure	adapter_failure_tsv	2026-03-01T08:37:56.954455+00:00	Production	failed to parse rendered metadata for /Users/stephen/bioconda2rpm/bioconda-recipes/recipes/rasusa/meta.yaml	failed to parse rendered metadata for /Users/stephen/bioconda2rpm/bioconda-recipes/recipes/rasusa/meta.yaml	/Users/stephen/bioconda2rpm/targets/phoreus-bioconda2rpm-build-almalinux-9.7-aarch64/reports/failure_gathering/failure_gathering_20260301_per_package.tsv
rattle	Ingestion	RecipeParseFailure	MetadataRenderFailure	adapter_failure_tsv	2026-03-01T08:37:56.954455+00:00	Production	failed to parse rendered metadata for /Users/stephen/bioconda2rpm/bioconda-recipes/recipes/rattle/meta.yaml	failed to parse rendered metadata for /Users/stephen/bioconda2rpm/bioconda-recipes/recipes/rattle/meta.yaml	/Users/stephen/bioconda2rpm/targets/phoreus-bioconda2rpm-build-almalinux-9.7-aarch64/reports/failure_gathering/failure_gathering_20260301_per_package.tsv
raven-assembler	Ingestion	RecipeParseFailure	MetadataRenderFailure	adapter_failure_tsv	2026-03-01T08:37:56.954455+00:00	Production	failed to parse rendered metadata for /Users/stephen/bioconda2rpm/bioconda-recipes/recipes/raven-assembler/meta.yaml	failed to parse rendered metadata for /Users/stephen/bioconda2rpm/bioconda-recipes/recipes/raven-assembler/meta.yaml	/Users/stephen/bioconda2rpm/targets/phoreus-bioconda2rpm-build-almalinux-9.7-aarch64/reports/failure_gathering/failure_gathering_20260301_per_package.tsv
rdeval	Ingestion	RecipeParseFailure	MetadataRenderFailure	adapter_failure_tsv	2026-03-01T08:37:56.954455+00:00	Production	failed to parse rendered metadata for /Users/stephen/bioconda2rpm/bioconda-recipes/recipes/rdeval/meta.yaml	failed to parse rendered metadata for /Users/stephen/bioconda2rpm/bioconda-recipes/recipes/rdeval/meta.yaml	/Users/stephen/bioconda2rpm/targets/phoreus-bioconda2rpm-build-almalinux-9.7-aarch64/reports/failure_gathering/failure_gathering_20260301_per_package.tsv
rotate	Ingestion	RecipeParseFailure	MetadataRenderFailure	adapter_failure_tsv	2026-03-01T08:37:56.954455+00:00	Production	failed to parse rendered metadata for /Users/stephen/bioconda2rpm/bioconda-recipes/recipes/rotate/meta.yaml	failed to parse rendered metadata for /Users/stephen/bioconda2rpm/bioconda-recipes/recipes/rotate/meta.yaml	/Users/stephen/bioconda2rpm/targets/phoreus-bioconda2rpm-build-almalinux-9.7-aarch64/reports/failure_gathering/failure_gathering_20260301_per_package.tsv
salmon	Ingestion	RecipeParseFailure	MetadataRenderFailure	adapter_failure_tsv	2026-03-01T08:37:56.954455+00:00	Production	failed to parse rendered metadata for /Users/stephen/bioconda2rpm/bioconda-recipes/recipes/salmon/meta.yaml	failed to parse rendered metadata for /Users/stephen/bioconda2rpm/bioconda-recipes/recipes/salmon/meta.yaml	/Users/stephen/bioconda2rpm/targets/phoreus-bioconda2rpm-build-almalinux-9.7-aarch64/reports/failure_gathering/failure_gathering_20260301_per_package.tsv
sambamba	Ingestion	RecipeParseFailure	MetadataRenderFailure	adapter_failure_tsv	2026-03-01T08:37:56.954455+00:00	Production	failed to parse rendered metadata for /Users/stephen/bioconda2rpm/bioconda-recipes/recipes/sambamba/meta.yaml	failed to parse rendered metadata for /Users/stephen/bioconda2rpm/bioconda-recipes/recipes/sambamba/meta.yaml	/Users/stephen/bioconda2rpm/targets/phoreus-bioconda2rpm-build-almalinux-9.7-aarch64/reports/failure_gathering/failure_gathering_20260301_per_package.tsv
samblaster	Ingestion	RecipeParseFailure	MetadataRenderFailure	adapter_failure_tsv	2026-03-01T08:37:56.954455+00:00	Production	failed to parse rendered metadata for /Users/stephen/bioconda2rpm/bioconda-recipes/recipes/samblaster/meta.yaml	failed to parse rendered metadata for /Users/stephen/bioconda2rpm/bioconda-recipes/recipes/samblaster/meta.yaml	/Users/stephen/bioconda2rpm/targets/phoreus-bioconda2rpm-build-almalinux-9.7-aarch64/reports/failure_gathering/failure_gathering_20260301_per_package.tsv
samtools	Ingestion	RecipeParseFailure	MetadataRenderFailure	adapter_failure_tsv	2026-03-01T08:37:56.954455+00:00	Production	failed to parse rendered metadata for /Users/stephen/bioconda2rpm/bioconda-recipes/recipes/samtools/meta.yaml	failed to parse rendered metadata for /Users/stephen/bioconda2rpm/bioconda-recipes/recipes/samtools/meta.yaml	/Users/stephen/bioconda2rpm/targets/phoreus-bioconda2rpm-build-almalinux-9.7-aarch64/reports/failure_gathering/failure_gathering_20260301_per_package.tsv
pyseq-align	Ingestion	RecipeParseFailure	MetadataRenderFailure	adapter_failure_tsv	2026-03-01T08:37:56.954455+00:00	Production	failed to parse rendered metadata for /Users/stephen/bioconda2rpm/bioconda-recipes/recipes/pyseq-align/meta.yaml	failed to parse rendered metadata for /Users/stephen/bioconda2rpm/bioconda-recipes/recipes/pyseq-align/meta.yaml	/Users/stephen/bioconda2rpm/targets/phoreus-bioconda2rpm-build-almalinux-9.7-aarch64/reports/failure_gathering/failure_gathering_20260301_per_package.tsv
seqfu	Ingestion	RecipeParseFailure	MetadataRenderFailure	adapter_failure_tsv	2026-03-01T08:37:56.954455+00:00	Production	failed to parse rendered metadata for /Users/stephen/bioconda2rpm/bioconda-recipes/recipes/seqfu/meta.yaml	failed to parse rendered metadata for /Users/stephen/bioconda2rpm/bioconda-recipes/recipes/seqfu/meta.yaml	/Users/stephen/bioconda2rpm/targets/phoreus-bioconda2rpm-build-almalinux-9.7-aarch64/reports/failure_gathering/failure_gathering_20260301_per_package.tsv
seqkit	Ingestion	RecipeParseFailure	MetadataRenderFailure	adapter_failure_tsv	2026-03-01T08:37:56.954455+00:00	Production	failed to parse rendered metadata for /Users/stephen/bioconda2rpm/bioconda-recipes/recipes/seqkit/meta.yaml	failed to parse rendered metadata for /Users/stephen/bioconda2rpm/bioconda-recipes/recipes/seqkit/meta.yaml	/Users/stephen/bioconda2rpm/targets/phoreus-bioconda2rpm-build-almalinux-9.7-aarch64/reports/failure_gathering/failure_gathering_20260301_per_package.tsv
snpeff	Ingestion	RecipeParseFailure	MetadataRenderFailure	adapter_failure_tsv	2026-03-01T08:37:56.954455+00:00	Production	failed to parse rendered metadata for /Users/stephen/bioconda2rpm/bioconda-recipes/recipes/snpeff/meta.yaml	failed to parse rendered metadata for /Users/stephen/bioconda2rpm/bioconda-recipes/recipes/snpeff/meta.yaml	/Users/stephen/bioconda2rpm/targets/phoreus-bioconda2rpm-build-almalinux-9.7-aarch64/reports/failure_gathering/failure_gathering_20260301_per_package.tsv
snpsift	Ingestion	RecipeParseFailure	MetadataRenderFailure	adapter_failure_tsv	2026-03-01T08:37:56.954455+00:00	Production	failed to parse rendered metadata for /Users/stephen/bioconda2rpm/bioconda-recipes/recipes/snpsift/meta.yaml	failed to parse rendered metadata for /Users/stephen/bioconda2rpm/bioconda-recipes/recipes/snpsift/meta.yaml	/Users/stephen/bioconda2rpm/targets/phoreus-bioconda2rpm-build-almalinux-9.7-aarch64/reports/failure_gathering/failure_gathering_20260301_per_package.tsv
sourmash	Ingestion	RecipeParseFailure	MetadataRenderFailure	adapter_failure_tsv	2026-03-01T08:37:56.954455+00:00	Production	failed to parse rendered metadata for /Users/stephen/bioconda2rpm/bioconda-recipes/recipes/sourmash/meta.yaml	failed to parse rendered metadata for /Users/stephen/bioconda2rpm/bioconda-recipes/recipes/sourmash/meta.yaml	/Users/stephen/bioconda2rpm/targets/phoreus-bioconda2rpm-build-almalinux-9.7-aarch64/reports/failure_gathering/failure_gathering_20260301_per_package.tsv
spades	Ingestion	RecipeParseFailure	MetadataRenderFailure	adapter_failure_tsv	2026-03-01T08:37:56.954455+00:00	Production	failed to parse rendered metadata for /Users/stephen/bioconda2rpm/bioconda-recipes/recipes/spades/meta.yaml	failed to parse rendered metadata for /Users/stephen/bioconda2rpm/bioconda-recipes/recipes/spades/meta.yaml	/Users/stephen/bioconda2rpm/targets/phoreus-bioconda2rpm-build-almalinux-9.7-aarch64/reports/failure_gathering/failure_gathering_20260301_per_package.tsv
sra-tools	Ingestion	RecipeParseFailure	MetadataRenderFailure	adapter_failure_tsv	2026-03-01T08:37:56.954455+00:00	Production	failed to parse rendered metadata for /Users/stephen/bioconda2rpm/bioconda-recipes/recipes/sra-tools/meta.yaml	failed to parse rendered metadata for /Users/stephen/bioconda2rpm/bioconda-recipes/recipes/sra-tools/meta.yaml	/Users/stephen/bioconda2rpm/targets/phoreus-bioconda2rpm-build-almalinux-9.7-aarch64/reports/failure_gathering/failure_gathering_20260301_per_package.tsv
stringtie	Ingestion	RecipeParseFailure	MetadataRenderFailure	adapter_failure_tsv	2026-03-01T08:37:56.954455+00:00	Production	failed to parse rendered metadata for /Users/stephen/bioconda2rpm/bioconda-recipes/recipes/stringtie/meta.yaml	failed to parse rendered metadata for /Users/stephen/bioconda2rpm/bioconda-recipes/recipes/stringtie/meta.yaml	/Users/stephen/bioconda2rpm/targets/phoreus-bioconda2rpm-build-almalinux-9.7-aarch64/reports/failure_gathering/failure_gathering_20260301_per_package.tsv
toulligqc	Ingestion	RecipeParseFailure	MetadataRenderFailure	adapter_failure_tsv	2026-03-01T08:37:56.954455+00:00	Production	failed to parse rendered metadata for /Users/stephen/bioconda2rpm/bioconda-recipes/recipes/toulligqc/meta.yaml	failed to parse rendered metadata for /Users/stephen/bioconda2rpm/bioconda-recipes/recipes/toulligqc/meta.yaml	/Users/stephen/bioconda2rpm/targets/phoreus-bioconda2rpm-build-almalinux-9.7-aarch64/reports/failure_gathering/failure_gathering_20260301_per_package.tsv
trim-galore	Ingestion	RecipeParseFailure	MetadataRenderFailure	adapter_failure_tsv	2026-03-01T08:37:56.954455+00:00	Production	failed to parse rendered metadata for /Users/stephen/bioconda2rpm/bioconda-recipes/recipes/trim-galore/meta.yaml	failed to parse rendered metadata for /Users/stephen/bioconda2rpm/bioconda-recipes/recipes/trim-galore/meta.yaml	/Users/stephen/bioconda2rpm/targets/phoreus-bioconda2rpm-build-almalinux-9.7-aarch64/reports/failure_gathering/failure_gathering_20260301_per_package.tsv
truvari	Ingestion	RecipeParseFailure	MetadataRenderFailure	adapter_failure_tsv	2026-03-01T08:37:56.954455+00:00	Production	failed to parse rendered metadata for /Users/stephen/bioconda2rpm/bioconda-recipes/recipes/truvari/meta.yaml	failed to parse rendered metadata for /Users/stephen/bioconda2rpm/bioconda-recipes/recipes/truvari/meta.yaml	/Users/stephen/bioconda2rpm/targets/phoreus-bioconda2rpm-build-almalinux-9.7-aarch64/reports/failure_gathering/failure_gathering_20260301_per_package.tsv
trycycler	Ingestion	RecipeParseFailure	MetadataRenderFailure	adapter_failure_tsv	2026-03-01T08:37:56.954455+00:00	Production	failed to parse rendered metadata for /Users/stephen/bioconda2rpm/bioconda-recipes/recipes/trycycler/meta.yaml	failed to parse rendered metadata for /Users/stephen/bioconda2rpm/bioconda-recipes/recipes/trycycler/meta.yaml	/Users/stephen/bioconda2rpm/targets/phoreus-bioconda2rpm-build-almalinux-9.7-aarch64/reports/failure_gathering/failure_gathering_20260301_per_package.tsv
vcfkit	Ingestion	RecipeParseFailure	MetadataRenderFailure	adapter_failure_tsv	2026-03-01T08:37:56.954455+00:00	Production	failed to parse rendered metadata for /Users/stephen/bioconda2rpm/bioconda-recipes/recipes/vcfkit/meta.yaml	failed to parse rendered metadata for /Users/stephen/bioconda2rpm/bioconda-recipes/recipes/vcfkit/meta.yaml	/Users/stephen/bioconda2rpm/targets/phoreus-bioconda2rpm-build-almalinux-9.7-aarch64/reports/failure_gathering/failure_gathering_20260301_per_package.tsv
vcflib	Ingestion	RecipeParseFailure	MetadataRenderFailure	adapter_failure_tsv	2026-03-01T08:37:56.954455+00:00	Production	failed to parse rendered metadata for /Users/stephen/bioconda2rpm/bioconda-recipes/recipes/vcflib/meta.yaml	failed to parse rendered metadata for /Users/stephen/bioconda2rpm/bioconda-recipes/recipes/vcflib/meta.yaml	/Users/stephen/bioconda2rpm/targets/phoreus-bioconda2rpm-build-almalinux-9.7-aarch64/reports/failure_gathering/failure_gathering_20260301_per_package.tsv
velvet	Ingestion	RecipeParseFailure	MetadataRenderFailure	adapter_failure_tsv	2026-03-01T08:37:56.954455+00:00	Production	failed to parse rendered metadata for /Users/stephen/bioconda2rpm/bioconda-recipes/recipes/velvet/meta.yaml	failed to parse rendered metadata for /Users/stephen/bioconda2rpm/bioconda-recipes/recipes/velvet/meta.yaml	/Users/stephen/bioconda2rpm/targets/phoreus-bioconda2rpm-build-almalinux-9.7-aarch64/reports/failure_gathering/failure_gathering_20260301_per_package.tsv
wakhan	Ingestion	RecipeParseFailure	MetadataRenderFailure	adapter_failure_tsv	2026-03-01T08:37:56.954455+00:00	Production	failed to parse rendered metadata for /Users/stephen/bioconda2rpm/bioconda-recipes/recipes/wakhan/meta.yaml	failed to parse rendered metadata for /Users/stephen/bioconda2rpm/bioconda-recipes/recipes/wakhan/meta.yaml	/Users/stephen/bioconda2rpm/targets/phoreus-bioconda2rpm-build-almalinux-9.7-aarch64/reports/failure_gathering/failure_gathering_20260301_per_package.tsv
whatshap	Ingestion	RecipeParseFailure	MetadataRenderFailure	adapter_failure_tsv	2026-03-01T08:37:56.954455+00:00	Production	failed to parse rendered metadata for /Users/stephen/bioconda2rpm/bioconda-recipes/recipes/whatshap/meta.yaml	failed to parse rendered metadata for /Users/stephen/bioconda2rpm/bioconda-recipes/recipes/whatshap/meta.yaml	/Users/stephen/bioconda2rpm/targets/phoreus-bioconda2rpm-build-almalinux-9.7-aarch64/reports/failure_gathering/failure_gathering_20260301_per_package.tsv
